task_identifier,task_app,task_language,task_description,task_difficulty,golden_steps,key_component_final,adb_app,adb_home_page,is_cross_app
airbnb_0,airbnb,ENG,Get the search results for stay for 1 adult anywhere any week.,1,4,"['1','guest']",com.airbnb.android,com.airbnb.android.feat.homescreen.HomeActivity,N
airbnb_1,airbnb,ENG,Get the search results for stay tonight near 'wembley stadium' for 1 adult.,2,9,"['1','guest','wembley','stadium']",com.airbnb.android,com.airbnb.android.feat.homescreen.HomeActivity,N
airbnb_2,airbnb,ENG,Get the search results for stay tonight near 'wembley stadium' for 1 adult. Add one result to wishlist. Confirm that this item is in the wishlist.,3,13,"['1','guest','wembley','stadium']",com.airbnb.android,com.airbnb.android.feat.homescreen.HomeActivity,N
amazon_0,amazon,ENG,Get the search results for 'sunglasses'.,1,3,['sunglasses'],com.amazon.mShop.android.shopping,com.amazon.mShop.navigation.MainActivity,N
amazon_1,amazon,ENG,Get the search results for 'sunglasses'. Filter with 'kids'. Add one result to cart. Confirm that this item is in the cart.,2,8,"['sunglasses','checkout']",com.amazon.mShop.android.shopping,com.amazon.mShop.navigation.MainActivity,N
amazon_2,amazon,ENG,Get the search results for 'goggles'. Filter with 'adult'. Add one result to cart. Confirm that this item is in the cart. Compare with similar items. Add one of the similar items to cart.,3,11,"['goggles','checkout']",com.amazon.mShop.android.shopping,com.amazon.mShop.navigation.MainActivity,N
bbc_0,bbc,ENG,Navigate to 'Innovation' section. Select 'Technology' tab. Open any news article.,1,3,['save'],bbc.mobile.news.ww,com.mobile.MainActivity,N
bbc_1,bbc,ENG,Go to app settings. Change the Text size to 'Smaller'. Navigate to 'Innovation' section. Select 'Technology' tab. Open any news article.,2,10,['save'],bbc.mobile.news.ww,com.mobile.MainActivity,N
bbc_2,bbc,ENG,Go to app settings. Change the Text size to 'Larger'. Navigate to 'Business' block. Select 'Technology of Business' tab. Open any news article. Save this article. Go to Saved Items to confirm the article was added.,3,15,"['saved','items']",bbc.mobile.news.ww,com.mobile.MainActivity,N
bolt_0,bolt,ENG,Select Eiffel Tower as my destination.,1,3,"['eiffel','tower','route']",ee.mtakso.client,ee.mtakso.client.newbase.RideHailingMapActivity,N
bolt_1,bolt,ENG,Select Louvre museum Paris as my pick-up location. Select Eiffel Tower as my destination.,2,6,"['eiffel','tower']",ee.mtakso.client,ee.mtakso.client.newbase.RideHailingMapActivity,N
bolt_2,bolt,ENG,Select Louvre museum Paris as my pick-up location. Select Eiffel Tower as my destination. Add 'Arc de Triomphe' as the final destination and Eiffel Tower as stopping point.,3,10,"['arc','de','triomphe','bolt','cash']",ee.mtakso.client,ee.mtakso.client.newbase.RideHailingMapActivity,N
booking.com_0,booking.com,ENG,"Get the search results for stays in Berlin. Select any date, rooms and guests. ",1,5,['berlin'],com.booking,com.booking.appindex.presentation.activity.SearchActivity,N
booking.com_1,booking.com,ENG,Navigate to Flights section. Select any date. Choose a flight from Manchester Airport to CDG Paris. Get the search results for a round trip.,2,11,"['man','cdg']",com.booking,com.booking.appindex.presentation.activity.SearchActivity,N
booking.com_2,booking.com,ENG,Navigate to Flights section. Select one way flight. Choose the 1st of any month as the flight date. Get the search results from Shanghai to London.,3,15,"['london','shanghai']",com.booking,com.booking.appindex.presentation.activity.SearchActivity,N
booking.com_3,booking.com,ENG,Navigate to app settings.,1,3,['settings'],com.booking,com.booking.appindex.presentation.activity.SearchActivity,N
booking.com_4,booking.com,ENG,"Navigate to app settings. Change Temperature to 'Degrees in Celsius'. Change Units to 'Metric (km, m)'.",2,7,"['settings','celsius','metric']",com.booking,com.booking.appindex.presentation.activity.SearchActivity,N
booking.com_5,booking.com,ENG,Navigate to app settings. Change Currency to 'Pound Sterling'. Disable all notifications.,3,12,['notifications'],com.booking,com.booking.appindex.presentation.activity.SearchActivity,N
calculator_0,calculator,ENG,Get the result for '1+1'.,1,4,['2'],com.google.android.calculator,com.android.calculator2.Calculator,N
calculator_1,calculator,ENG,Get the result for 'log(20)+ln(e)'.,2,10,"['2','3']",com.google.android.calculator,com.android.calculator2.Calculator,N
calculator_2,calculator,ENG,Get the result for 'log(20)+ln(e)'. Clear the results. Get the result for factorial 7.,3,14,"['5','040']",com.google.android.calculator,com.android.calculator2.Calculator,N
calendar_0,calendar,ENG,Check the upcoming 31 October. Click on the event for that day.,1,5,"['halloween','31']",com.google.android.calendar,com.google.android.calendar.AllInOneCalendarActivity,N
calendar_1,calendar,ENG,Set up an all-day event titled 'Haircut' on the 16th of any month.,2,9,"['16','haircut']",com.google.android.calendar,com.google.android.calendar.AllInOneCalendarActivity,N
calendar_2,calendar,ENG,Set up an event titled 'Dental Check' on the 17th of any month. Set the time to from 7pm to 9pm.,3,14,"['17','dental','check','7','9','pm']",com.google.android.calendar,com.google.android.calendar.AllInOneCalendarActivity,N
chrome_0,chrome,ENG,Get the search results for Taylor Swift.,1,3,"['taylor','swift']",com.android.chrome,com.google.android.apps.chrome.Main,N
chrome_1,chrome,ENG,Get the search results for Taylor Swift. Go to her Wikipedia page. Add it to bookmarks. Check the Bookmarks for confirmation.,2,10,"['taylor','swift','wiki','bookmark']",com.android.chrome,com.google.android.apps.chrome.Main,N
chrome_2,chrome,ENG,Get the search results for Taylor Swift. Go to her Wikipedia page. Add it to bookmarks. Move this bookmark to Reading List. Check the Reading List for confirmation.,3,16,"['taylor','swift','wiki','reading']",com.android.chrome,com.google.android.apps.chrome.Main,N
clock_0,clock,ENG,Set an alarm for 8am.,1,4,['8'],com.google.android.deskclock,com.android.deskclock.DeskClock,N
clock_1,clock,ENG,Set an alarm for 9am on weekdays.,2,9,['9'],com.google.android.deskclock,com.android.deskclock.DeskClock,N
clock_2,clock,ENG,Set an alarm for 10am on weekdays. Disable vibration for this alarm. Set another alarm for 11am on weekends.,3,15,['11'],com.google.android.deskclock,com.android.deskclock.DeskClock,N
clock_3,clock,ENG,Add current time at London (UK) to clock.,1,3,"['clock','london']",com.google.android.deskclock,com.android.deskclock.DeskClock,N
clock_4,clock,ENG,Set Home time zone to 'Hong Kong'.,2,6,"['clock','home','hong','kong']",com.google.android.deskclock,com.android.deskclock.DeskClock,N
clock_5,clock,ENG,Add current time at Melbourne (Australia) to clock. Change style to Analog for clock. Change style to Analog for screen saver.,3,12,"['settings','analog']",com.google.android.deskclock,com.android.deskclock.DeskClock,N
contacts_0,contacts,ENG,Create a contact named 'Agent'. The phone number is +44 1234 567 890.,1,7,"['agent','contact']",com.android.contacts,com.android.contacts.activities.PeopleActivity,N
contacts_1,contacts,ENG,Create a contact named 'Agent Two'. The phone number is +44 1234 567 890. The email is benchmark@gmail.com,2,11,"['agent','two','contact','gmail']",com.android.contacts,com.android.contacts.activities.PeopleActivity,N
contacts_2,contacts,ENG,Modify the last name of one of the contacts to 'Three'. Update the label for the contact's phone number to Work. Set the company to 'Huawei'. Add an email agent.benchmark.2024@gmail.com. Label the email as Work.,3,15,"['three','contact','work','gmail','huawei']",com.android.contacts,com.android.contacts.activities.PeopleActivity,N
deliveroo_0,deliveroo,ENG,Get the search results for McDonald's.,1,2,['mcdonald'],com.deliveroo.orderapp,com.deliveroo.orderapp.home.feature.home.HomeActivity,N
deliveroo_1,deliveroo,ENG,Get the search results for McDonald's. Enter a McDonald's restaurant. Search for fries there.,2,5,['fries'],com.deliveroo.orderapp,com.deliveroo.orderapp.home.feature.home.HomeActivity,N
deliveroo_2,deliveroo,ENG,Get the search results for McDonald's. Enter a McDonald's restaurant. Search for fries there. Add a small fries to the basket. Add two medium fries to the basket. View the basket for confirmation.,3,10,"['order','fries']",com.deliveroo.orderapp,com.deliveroo.orderapp.home.feature.home.HomeActivity,N
dictionary_merriam_webster_0,dictionary_merriam_webster,ENG,Look up the definition of the word 'agent'.,1,3,"['definition','dictionary','thesaurus']",com.merriamwebster,com.merriamwebster.dictionary.activity.dictionary.DictionaryActivity,N
dictionary_merriam_webster_1,dictionary_merriam_webster,ENG,Look up the definition of the word 'agent'. Switch to Thesaurus tab to find its synonyms. Click on one of its synonyms. Switch back to Dictionary tab.,2,6,"['definition','dictionary','thesaurus']",com.merriamwebster,com.merriamwebster.dictionary.activity.dictionary.DictionaryActivity,N
dictionary_merriam_webster_2,dictionary_merriam_webster,ENG,Look up the definition of the word 'agent'. Switch to Thesaurus tab to find its synonyms. Click on one of its synonyms. Switch back to Dictionary tab. Save this synonym. Confirm that synonym is in the saved words.,3,9,"['saved','words']",com.merriamwebster,com.merriamwebster.dictionary.activity.dictionary.DictionaryActivity,N
espn_0,espn,ENG,Get the search results for 'Klay Thompson'.,1,3,"['klay','thompson']",com.espn.score_center,com.dtci.mobile.clubhousebrowser.ClubhouseBrowserActivity,N
espn_1,espn,ENG,Get the search results for 'Klay Thompson'. See all the articles. Open one of the articles.,2,5,"['klay','thompson','like']",com.espn.score_center,com.dtci.mobile.clubhousebrowser.ClubhouseBrowserActivity,N
espn_2,espn,ENG,Get the search results for 'Klay Thompson'. See all the articles. Open one of the articles. Return to the player's search results. Select the player. Turn on player news notification. Follow the player.,3,11,['thompson'],com.espn.score_center,com.dtci.mobile.clubhousebrowser.ClubhouseBrowserActivity,N
evernote_0,evernote,ENG,Create a new notebook 'Agent Cookbook'.,1,3,"['agent','cookbook']",com.evernote,com.evernote.MainActivity,N
evernote_1,evernote,ENG,Create a new notebook 'Agent'. Create a new note in the notebook with title 'First note'. Return to the 'Agent' notebook to confirm the note.,2,7,"['agent','first','note']",com.evernote,com.evernote.MainActivity,N
evernote_2,evernote,ENG,Create a new notebook 'Agent2'. Create a new note in the notebook.  Write content 'Hello World!' and title 'First note'. Create a new tag 'test'. Apply the tag 'test' to the note. Save the note. Return to the 'Agent2' notebook. ,3,13,"['agent2','first','note','hello','world','test']",com.evernote,com.evernote.MainActivity,N
evernote_3,evernote,ENG,Create a new task 'Literature Review'.,1,3,"['literature','review']",com.evernote,com.evernote.MainActivity,N
evernote_4,evernote,ENG,Create a new task 'Paper Writing'.Set the due date to tomorrow. Navigate to the Tasks tab for confirmation.,2,6,"['paper','writing','tomorrow']",com.evernote,com.evernote.MainActivity,N
evernote_5,evernote,ENG,Create a new task 'Maintain Git Repo'.Set it to repeat daily. Navigate to the Tasks tab. Apply the recurring tasks filter. Confirm that task exists.,3,12,"['recurring','main','git','repo']",com.evernote,com.evernote.MainActivity,N
expedia_0,expedia,ENG,Check stays in Rome. The dates do not matter. Get the search results for 1 room and 2 people.,1,4,"['rome','2']",com.expedia.bookings,com.expedia.bookings.launch.PhoneLaunchActivity,N
expedia_1,expedia,ENG,Check stays in Paris. Choose from 25th to 28th any month. Get the search results for 1 room for 2 people.,2,8,"['paris','25','28','2']",com.expedia.bookings,com.expedia.bookings.launch.PhoneLaunchActivity,N
expedia_2,expedia,ENG,Check stays in Hong Kong. Choose from 25th to 28th any month. Get the search results for 1 room for 2 people. Filter hotels with parking.,3,12,"['hong','kong','25','28','2']",com.expedia.bookings,com.expedia.bookings.launch.PhoneLaunchActivity,N
expedia_3,expedia,ENG,Check things to do in Paris. Get the search results for 25th to 28th of any month.,1,7,"['paris','25','28']",com.expedia.bookings,com.expedia.bookings.launch.PhoneLaunchActivity,N
expedia_4,expedia,ENG,Check things to do in Rome. Get the search results for 26th to 29th of any month. Save it to my trips.,2,11,"['rome','26','29']",com.expedia.bookings,com.expedia.bookings.launch.PhoneLaunchActivity,N
expedia_5,expedia,ENG,Check things to do in Paris. Get the search results for 25th to 28th of any month. Save it to my trips. Confirm that by checking the saved Paris trip.,3,13,"['paris','25','28','save']",com.expedia.bookings,com.expedia.bookings.launch.PhoneLaunchActivity,N
facebook_0,facebook,ENG,Create a new post saying 'Hello World!'. Post it.,1,4,"['hello','world']",com.facebook.katana,com.facebook.katana.activity.FbMainTabActivity,N
facebook_1,facebook,ENG,Create a new Public post saying 'Morning!'. Change to black background. Post it.,2,8,['morning'],com.facebook.katana,com.facebook.katana.activity.FbMainTabActivity,N
facebook_2,facebook,ENG,Create a new Public post saying 'Bonne Nuit'. Add the location as Eiffel Tower. Post it. ,3,11,"['bonne','nuit','eiffel','tower','paris']",com.facebook.katana,com.facebook.katana.activity.FbMainTabActivity,N
facebook_3,facebook,ENG,Navigate to settings.,1,2,['settings'],com.facebook.katana,com.facebook.katana.activity.FbMainTabActivity,N
facebook_4,facebook,ENG,Navigate to settings. Disallow notifications for Birthdays.,2,6,"['birthday','notifications']",com.facebook.katana,com.facebook.katana.activity.FbMainTabActivity,N
facebook_5,facebook,ENG,Navigate to settings. Disallow notifications for Marketplace from Email and SMS. Disallow notifications for Memories from Email and SMS.,3,11,"['notifications','email','sms']",com.facebook.katana,com.facebook.katana.activity.FbMainTabActivity,N
files_0,files,ENG,Go to the 'DCIM' folder in the internal storage.,1,3,['dcim'],com.google.android.documentsui,com.android.documentsui.files.FilesActivity,N
files_1,files,ENG,Go to the 'DCIM' folder in the internal storage. Create a subfolder named 'Agent_created'.,2,7,"['dcim','agent','created']",com.google.android.documentsui,com.android.documentsui.files.FilesActivity,N
files_2,files,ENG,Go to the 'DCIM' folder in the internal storage. Create a subfolder named 'Agent_created_2'. Create another subfolder named 'Agent_created_3'. Then move the folder 'Agent_created_2' into the 'Documents' folder in the internal storage.,3,18,"['agent','created']",com.google.android.documentsui,com.android.documentsui.files.FilesActivity,N
gmail_0,gmail,ENG,Draft an email to agent.benchmark.2024@gmail.com asking them about their new paper.,1,5,['paper'],com.google.android.gm,com.google.android.gm.ConversationListActivityGmail,N
gmail_1,gmail,ENG,Send an email to agent.benchmark.2024@gmail.com asking them about their new paper. Navigate to the Sent tab. Check the email details for confirmation after sending.,2,9,['paper'],com.google.android.gm,com.google.android.gm.ConversationListActivityGmail,N
gmail_2,gmail,ENG,Draft an email to agent.benchmark.2024@gmail.com asking them about their new paper. Schedule it to be sent tomorrow morning. Navigate to the Scheduled tab. Check the email details for confirmation for confirmation after scheduling.,3,11,"['paper','scheduled']",com.google.android.gm,com.google.android.gm.ConversationListActivityGmail,N
gmail_3,gmail,ENG,Navigate to settings.,1,2,['settings'],com.google.android.gm,com.google.android.gm.ConversationListActivityGmail,N
gmail_4,gmail,ENG,Navigate to settings. Check current setting for notifications. Turn off notification for Attachments.,2,6,"['gmail','notification']",com.google.android.gm,com.google.android.gm.ConversationListActivityGmail,N
gmail_5,gmail,ENG,Navigate to settings. Check current setting for notifications. Turn off notification for Miscellaneous. Disable 'notification dot'. Return to Inbox.,3,11,['inbox'],com.google.android.gm,com.google.android.gm.ConversationListActivityGmail,N
google_maps_0,google_maps,ENG,Get the search results for nearby hotel rooms.,1,3,['hotel'],com.google.android.apps.maps,com.google.android.maps.MapsActivity,N
google_maps_1,google_maps,ENG,Get the search results for nearby hotel rooms. Filter the results to show only those that can accommodate 4 adults.,2,7,"['hotel','4']",com.google.android.apps.maps,com.google.android.maps.MapsActivity,N
google_maps_2,google_maps,ENG,Get the search results for nearby hotel rooms. Filter the results to show only those that can accommodate 4 adults. Further filter the results with ratings higher than 4.,3,10,"['hotel','4']",com.google.android.apps.maps,com.google.android.maps.MapsActivity,N
google_maps_3,google_maps,ENG,Get the search results for nearby gas stations.,1,3,"['gas','station']",com.google.android.apps.maps,com.google.android.maps.MapsActivity,N
google_maps_4,google_maps,ENG,Get the search results for a nearby gas station that is open now. Get a driving route to it.,2,6,"['your','location']",com.google.android.apps.maps,com.google.android.maps.MapsActivity,N
google_maps_5,google_maps,ENG,Get the search results for a nearby gas station that is open now. Get a driving route with the gas station as the first stop. Set McDonald's as the final destination.,3,12,"['your','location','mcdonald']",com.google.android.apps.maps,com.google.android.maps.MapsActivity,N
google_play_0,google_play,ENG,Get the search results for WhatsApp.,1,3,['whatsapp'],com.android.vending,com.android.vending.AssetBrowserActivity,N
google_play_1,google_play,ENG,Get the search results for Facebook. Leave a 5-star review on its app store page.,2,7,['review'],com.android.vending,com.android.vending.AssetBrowserActivity,N
google_play_2,google_play,ENG,Get the search results for WhatsApp. Leave a 5-star review on its app store page. Sort the reviews by most recent.,3,14,"['whatsapp','review','recent']",com.android.vending,com.android.vending.AssetBrowserActivity,N
google_play_3,google_play,ENG,Check the details of General settings.,1,3,['settings'],com.android.vending,com.android.vending.AssetBrowserActivity,N
google_play_4,google_play,ENG,Check the details of General settings. Switch to dark theme.,2,6,['settings'],com.android.vending,com.android.vending.AssetBrowserActivity,N
google_play_5,google_play,ENG,Check the details of General settings. Turn off all notifications. Confirm that all notification settings for this device are off.,3,10,"['notification','settings']",com.android.vending,com.android.vending.AssetBrowserActivity,N
google_tasks_0,google_tasks,ENG,Create a new list 'Work'.,1,3,"['work','tasks']",com.google.android.apps.tasks,com.google.android.apps.tasks.ui.TaskListsActivity,N
google_tasks_1,google_tasks,ENG,Create a new list 'Weekend'. Add new task 'Buy groceries'.,2,6,"['tasks','buy','groceries','weekend']",com.google.android.apps.tasks,com.google.android.apps.tasks.ui.TaskListsActivity,N
google_tasks_2,google_tasks,ENG,Create a new list 'Travel'. Add new task 'Visa'. Set date to the 12th of any month.,3,10,"['tasks','12','visa','travel']",com.google.android.apps.tasks,com.google.android.apps.tasks.ui.TaskListsActivity,N
instagram_0,instagram,ENG,Get the search results for 'Messi'.,1,4,"['messi','posts']",com.instagram.android,com.instagram.mainactivity.InstagramMainActivity,N
instagram_1,instagram,ENG,Get the search results for 'Cristiano Ronaldo'. Follow one account.,2,6,"['cristiano','following','message']",com.instagram.android,com.instagram.mainactivity.InstagramMainActivity,N
instagram_2,instagram,ENG,Get the search results for 'Minions'. Follow one account. Set to get all notifications when they goes live. Turn on notifications for their posts. ,3,10,"['minions','notifications','all']",com.instagram.android,com.instagram.mainactivity.InstagramMainActivity,N
instagram_3,instagram,ENG,Navigate to the page to edit my profile.,1,3,"['edit','profile']",com.instagram.android,com.instagram.mainactivity.InstagramMainActivity,N
instagram_4,instagram,ENG,Navigate to the page to edit my profile. Add bio 'Hello World!'. Change pronouns to 'it'.,2,10,"['it']",com.instagram.android,com.instagram.mainactivity.InstagramMainActivity,N
instagram_5,instagram,ENG,Navigate to the page to edit my profile. Add link 'https://github.com'. Change gender to Custom 'Them'. Switch to private account.,3,17,"['account','privacy','private']",com.instagram.android,com.instagram.mainactivity.InstagramMainActivity,N
keep_notes_0,keep_notes,ENG,Create a new note. Write 'Hello this is a note1' in the content. ,1,2,"['note','hello','1']",com.google.android.keep,com.google.android.keep.activities.BrowseActivity,N
keep_notes_1,keep_notes,ENG,Create a new note. Write 'Hello this is a note2' in the content. Write 'Written by Agent2' as the note title.,2,5,"['note','agent','hello','2']",com.google.android.keep,com.google.android.keep.activities.BrowseActivity,N
keep_notes_2,keep_notes,ENG,Create a new checklist. Add two items 'Learn Python' and 'Learn Java'. Write 'Goal of agent' as the checklist title. Label this checklist as 'Agent'.,3,11,"['agent','python','java']",com.google.android.keep,com.google.android.keep.activities.BrowseActivity,N
linkedin_0,linkedin,ENG,Get the search results for 'OpenAI'. Follow their page.,1,4,"['following','openai']",com.linkedin.android,com.linkedin.android.authenticator.LaunchActivity,N
linkedin_1,linkedin,ENG,Get the search results for 'Huawei'. Follow their page. Filter the search results to Groups. Join one of the Huawei groups.,2,7,"['join','huawei','groups']",com.linkedin.android,com.linkedin.android.authenticator.LaunchActivity,N
linkedin_2,linkedin,ENG,Get the search results for 'Huawei HKRC'. Follow their page. Leave a 'Cheers!' comment on one of its posts. Like the post. Repost the post instantly. View the repost to confirm.,3,12,"['huawei','reposted','hkrc']",com.linkedin.android,com.linkedin.android.authenticator.LaunchActivity,N
linkedin_3,linkedin,ENG,Get the search results for 'Engineer' job.,1,4,"['engineer','jobs']",com.linkedin.android,com.linkedin.android.authenticator.LaunchActivity,N
linkedin_4,linkedin,ENG,Get the search results for 'Engineer' job in Spain.,2,7,"['engineer','jobs','spain']",com.linkedin.android,com.linkedin.android.authenticator.LaunchActivity,N
linkedin_5,linkedin,ENG,Get the search results for 'Engineer' jobs in Spain. Save one of the jobs. Confirm it is saved in My Jobs.,3,10,"['engineer','jobs','spain','saved']",com.linkedin.android,com.linkedin.android.authenticator.LaunchActivity,N
onenote_0,onenote,ENG,Create a new page with title 'Benchmark' and content 'Test Agent'.,1,4,"['agent','benchmark']",com.microsoft.office.onenote,com.microsoft.office.onenote.ui.navigation.ONMNavigationActivity,N
onenote_1,onenote,ENG,Create a new page with title 'Benchmark2' and content TODO 'AppAgent' and 'Mobile Agent'.,2,7,"['benchmark2','appagent','mobile','agent']",com.microsoft.office.onenote,com.microsoft.office.onenote.ui.navigation.ONMNavigationActivity,N
onenote_2,onenote,ENG,Create a new notebook 'test'. Create a new section 'prompts' in 'test' notebook. Enter section 'prompts' for confirmation.,3,11,"['prompts','test','pages']",com.microsoft.office.onenote,com.microsoft.office.onenote.ui.navigation.ONMNavigationActivity,N
quora_0,quora,ENG,Get the search results for 'OpenAI'.,1,3,"['search','openai']",com.quora.android,com.quora.android.components.activities.QuoraActivity,N
quora_1,quora,ENG,Get the search results for 'OpenAI'. Filter to show only questions.,2,6,"['search','openai']",com.quora.android,com.quora.android.components.activities.QuoraActivity,N
quora_2,quora,ENG,"Get the search results for 'OpenAI'. Filter to show only questions. Select one question or answer from the results to see more details. Add a comment 'Worth thinking"" to the answer.",3,11,"['worth','thinking']",com.quora.android,com.quora.android.components.activities.QuoraActivity,N
quora_3,quora,ENG,Discover any Space. Follow that space.,1,3,['following'],com.quora.android,com.quora.android.components.activities.QuoraActivity,N
quora_4,quora,ENG,Discover any Space. Follow that space. Go to questions in the space. Filter unanswered questions. Follow one question.,2,7,"['questions','follow','answer']",com.quora.android,com.quora.android.components.activities.QuoraActivity,N
quora_5,quora,ENG,Discover any Technology Spaces. Follow that space. Also follow one of the suggested spaces. Turn off notification for the suggested space. Follow one of the contributors of the suggested space.,3,11,"['following','ask']",com.quora.android,com.quora.android.components.activities.QuoraActivity,N
reddit_0,reddit,ENG,Get the search results for 'r/worldnews'. Join the group.,1,4,"['worldnews','joined']",com.reddit.frontpage,com.reddit.launch.main.MainActivity,N
reddit_1,reddit,ENG,Get the search results for 'r/PremierLeague'. Filter posts for Liverpool. Join the group. Click on one of the posts.,2,8,"['premierleague','liverpool']",com.reddit.frontpage,com.reddit.launch.main.MainActivity,N
reddit_2,reddit,ENG,Get the search results for 'r/BlackMythWukong'. Join the group. Set community alerts to frequent. Click on one of the posts.,3,11,['blackmythwukong'],com.reddit.frontpage,com.reddit.launch.main.MainActivity,N
settings_0,settings,ENG,Check the current screen timeout.,1,3,"['screen','timeout']",com.android.settings,com.android.settings.Settings,N
settings_1,settings,ENG,Check the current screen timeout. Set it to 5 minutes.,2,5,"['screen','timeout','5','min']",com.android.settings,com.android.settings.Settings,N
settings_2,settings,ENG,Check the current screen timeout. Set it to 10 minutes. Then turn the dark theme on.,3,10,"['dark','theme']",com.android.settings,com.android.settings.Settings,N
settings_3,settings,ENG,Go to notification settings. Turn on Notification History.,1,3,"['notification','history']",com.android.settings,com.android.settings.Settings,N
settings_4,settings,ENG,Go to notification settings. Turn off the notification from Google Play Store.,2,6,"['store','notifications']",com.android.settings,com.android.settings.Settings,N
settings_5,settings,ENG,Go to notification settings. Turn off the 'Alerts' and 'Likes' notification from Instagram. Clear the cache from storage.,3,11,"['instagram','storage']",com.android.settings,com.android.settings.Settings,N
spotify_0,spotify,ENG,Get the search results for the artist Taylor Swift.,1,3,"['taylor','swift']",com.spotify.music,com.spotify.music.MainActivity,N
spotify_1,spotify,ENG,Get the search results for the artist Taylor Swift. Enter her artist page. Shuffle play her playlist.,2,6,"['taylor','swift']",com.spotify.music,com.spotify.music.MainActivity,N
spotify_2,spotify,ENG,Get the search results for the song 'Love Story' by Taylor Swift. Add this song to the new playlist namely 'Agent Playlist'. Then add another song 'The Scientist' by Coldplay to the same playlist. Check the playlist for confirmation.,3,15,"['agent','playlist','love','story','the','scientist']",com.spotify.music,com.spotify.music.MainActivity,N
temu_0,temu,ENG,Get the search results for gaming headset.,1,3,"['gaming','headset']",com.einnovation.temu,com.baogong.home.activity.HomeActivity,N
temu_1,temu,ENG,Get the search results for gaming headset. Sort the result by the lowest price to highest. Add one to my shopping cart. Confirm that this item is in the cart.,2,7,"['gaming','headset','checkout']",com.einnovation.temu,com.baogong.home.activity.HomeActivity,N
temu_2,temu,ENG,Get the search results for gaming mouse. Filter items priced above 10. Add one to cart. Confirm that this item is in the cart.,3,12,['checkout'],com.einnovation.temu,com.baogong.home.activity.HomeActivity,N
tiktok_0,tiktok,ENG,Get the search results for videos about pet cats.,1,3,['cat'],com.zhiliaoapp.musically,com.ss.android.ugc.aweme.splash.SplashActivity,N
tiktok_1,tiktok,ENG,Get the search results for videos about pet cats. Comment on a video with 'Such a cute cat.',2,8,"['cute','cat']",com.zhiliaoapp.musically,com.ss.android.ugc.aweme.splash.SplashActivity,N
tiktok_2,tiktok,ENG,Get the search results for videos about pet cats. Comment on a video with 'Such a cute cat.' Swipe through another two videos and like them.,3,13,['cat'],com.zhiliaoapp.musically,com.ss.android.ugc.aweme.splash.SplashActivity,N
whatsapp_0,whatsapp,ENG,Send a message 'Hi' to myself.,1,5,"['hi','you','message']",com.whatsapp,com.whatsapp.HomeActivity,N
whatsapp_1,whatsapp,ENG,Add new contact with the name 'Mark Bench' and (+44)7437321230.,2,9,"['mark','bench','contact']",com.whatsapp,com.whatsapp.HomeActivity,N
whatsapp_2,whatsapp,ENG,Add new contact with the name 'Smart Agent' and (+44)7746953749. Send a message 'Hi' to 'Smart Agent'.,3,13,"['smart','agent','hi','message']",com.whatsapp,com.whatsapp.HomeActivity,N
x_0,x,ENG,Draft a post with the content 'Written by Agent1'.,1,3,"['agent','post','1']",com.twitter.android,com.twitter.app.main.MainActivity,N
x_1,x,ENG,Create a post with the content 'Written by Agent2'. Tag '#animalcrossing'. Post it. Check it from the profile.,2,9,"['agent','post','2','reply']",com.twitter.android,com.twitter.app.main.MainActivity,N
x_2,x,ENG,Create a post with the content 'Written by Agent3'. Tag '#animalcrossing'. Post it. Check it from the profile. Then Like it. Reply to it with 'Amazing post'.,3,12,"['agent','post','3','reply','amazing']",com.twitter.android,com.twitter.app.main.MainActivity,N
x_3,x,ENG,Search for the account @Mayday_EN. Follow it.,1,5,"['mayday','following']",com.twitter.android,com.twitter.app.main.MainActivity,N
x_4,x,ENG,Search for the account @Nintendo. Follow it. Search its post about 'Super Mario'.,2,8,"['nintendo','super','mario']",com.twitter.android,com.twitter.app.main.MainActivity,N
x_5,x,ENG,Search for the account @animalcrossing. Follow it. Search its post about 'Timmy and Tommy'. Repost one result. Check it from the profile for confirmation.,3,15,"['animal','crossing','timmy','tommy','post']",com.twitter.android,com.twitter.app.main.MainActivity,N
yelp_0,yelp,ENG,Get the search results for nearby restaurants.,1,2,['restaurants'],com.yelp.android,com.yelp.android.home.ui.RootSingleActivity,N
yelp_1,yelp,ENG,Get the search results for nearby restaurants. Filter to include only Chinese restaurants that offer takeout. Sort them by distance. ,2,6,"['restaurants','chinese']",com.yelp.android,com.yelp.android.home.ui.RootSingleActivity,N
yelp_2,yelp,ENG,Get the search results for nearby restaurants. Filter to include only Chinese restaurants that offer takeout. Sort them by distance. Select one result. Filter for 5-star reviews.,3,10,['review'],com.yelp.android,com.yelp.android.home.ui.RootSingleActivity,N
youtube_0,youtube,ENG,Get the search results for the channel '@Tesla'. Subscribe to the channel.,1,4,"['tesla','subscribed']",com.google.android.youtube,com.google.android.youtube.HomeActivity,N
youtube_1,youtube,ENG,Get the search results for the channel '@BMW'. Subscribe to the channel. Get the search results for the channel '@Mercedes'. Subscribe to the channel.,2,8,['subscribed'],com.google.android.youtube,com.google.android.youtube.HomeActivity,N
youtube_2,youtube,ENG,Get the search results for the channel '@Google'. Subscribe to the channel. Get the search results for the channel '@Microsoft'. Subscribe to the channel. Navigate to the Subscriptions tab. Show all subscriptions. Sort the subscriptions from A to Z.,3,12,"['all','subscriptions','microsoft','google']",com.google.android.youtube,com.google.android.youtube.HomeActivity,N
youtube_3,youtube,ENG,Get the search results for videos about LeBron James.,1,4,"['lebron']",com.google.android.youtube,com.google.android.youtube.HomeActivity,N
youtube_4,youtube,ENG,Get the search results for videos about LeBron James. Filter videos under 4 minutes.,2,10,"['lebron','views']",com.google.android.youtube,com.google.android.youtube.HomeActivity,N
youtube_5,youtube,ENG,Get the search results for videos about LeBron James. Filter videos under 4 minutes. Select any one of the results. Leave a comment 'great performance!'.,3,14,['comment'],com.google.android.youtube,com.google.android.youtube.HomeActivity,N
zoom_0,zoom,ENG,Schedule a meeting titled 'Smartphone Agent Benchmark'. Use personal meeting ID.,1,5,"['smartphone','agent','benchmark']",us.zoom.videomeetings,com.zipow.videobox.IMActivity,N
zoom_1,zoom,ENG,Schedule a meeting titled 'Smartphone Agent Benchmark'. Use personal meeting ID. Change the timezone to Hawaii. Repeat the meeting every day.,2,9,"['smartphone','agent','benchmark']",us.zoom.videomeetings,com.zipow.videobox.IMActivity,N
zoom_2,zoom,ENG,Schedule a meeting titled 'Smartphone Agent Benchmark'. Use personal meeting ID. Change the timezone to Hawaii. Repeat the meeting every day. Disable waiting room. Turn on host and participant video.,3,14,"['smartphone','agent','benchmark']",us.zoom.videomeetings,com.zipow.videobox.IMActivity,N
